time (min),trial 1 ANC (eq/L),trial 2 ANC (eq/L)
0,0.001722,0.001697
5,0.000908,0.000947
10,0.000377,0.000381
15,-99,0.000015
20,-0.000244,-0.00024
