Sample Volume (ml)	51.051900 
Titrant normality	0.050000 
Equivalent Volume (ml)	0.389269 
ANC (eq/L)	0.000381 
correlation coefficient	0.999877 

Titrant Volume (ml)	pH	F1
0.000000	6.224801	0.000001
0.100000	6.032924	0.000001
0.200000	5.723670	0.000002
0.300000	5.296062	0.000005
0.400000	4.550229	0.000028
0.500000	3.963896	0.000110
0.600000	3.678009	0.000212
0.700000	3.515167	0.000310
