Sample Volume (ml)	49.925000 
Titrant normality	0.050000 
Equivalent Volume (ml)	0.376508 
ANC (eq/L)	0.000377 
correlation coefficient	0.999512 

Titrant Volume (ml)	pH	F1
0.000000	6.274045	0.000001
0.200000	5.764881	0.000002
0.400000	4.672185	0.000021
0.600000	3.756818	0.000177
0.800000	3.453556	0.000358
1.000000	3.299974	0.000511
