Sample Volume (ml)	53.065500 
Titrant normality	0.050000 
Equivalent Volume (ml)	0.015833 
ANC (eq/L)	0.000015 
correlation coefficient	0.999817 

Titrant Volume (ml)	pH	F1
0.000000	6.085334	0.000001
0.100000	4.340777	0.000046
0.200000	3.825874	0.000150
0.300000	3.609800	0.000247
0.400000	3.475481	0.000337
0.500000	3.379303	0.000421
