Sample Volume (ml)	59.468000 
Titrant normality	0.050000 
Equivalent Volume (ml)	-0.285218 
ANC (eq/L)	-0.000240 
correlation coefficient	0.999970 

Titrant Volume (ml)	pH	F1
0.000000	3.644434	0.000227
0.100000	3.512953	0.000307
0.200000	3.414853	0.000386
