Sample Volume (ml)	50.568000 
Titrant normality	0.050000 
Equivalent Volume (ml)	-0.246543 
ANC (eq/L)	-0.000244 
correlation coefficient	0.999942 

Titrant Volume (ml)	pH	F1
0.000000	3.634888	0.000232
0.100000	3.485238	0.000328
0.200000	3.378142	0.000420
