Sample Volume (ml)	50.352000 
Titrant normality	0.050000 
Equivalent Volume (ml)	0.913979 
ANC (eq/L)	0.000908 
correlation coefficient	0.999192 

Titrant Volume (ml)	pH	F1
0.000000	7.105264	0.000000
0.200000	6.835774	0.000000
0.400000	6.412369	0.000000
0.600000	5.929713	0.000001
0.800000	5.412868	0.000004
1.000000	4.336032	0.000047
1.200000	3.646787	0.000231
1.400000	3.402882	0.000406
1.600000	3.266046	0.000559
